BEGIN;

TRUNCATE TABLE bookings, facility_sections, facilities, users RESTART IDENTITY CASCADE;

INSERT INTO users (id, email, name) VALUES
('11111111-1111-1111-1111-111111111111', 'test1@example.com', 'Test User 1'),
('11111111-1111-1111-1111-111111111112', 'test2@example.com', 'Test User 2');

INSERT INTO facilities (id, name, address, description, opening_hours, contact_number, image_url) VALUES
('11111111-1111-1111-1111-000000000001','Ouluhalli','Ouluhallintie 20, Oulu','Large indoor sports hall','07:00-22:00','+358401000001','img'), ('11111111-1111-1111-1111-000000000002','Linnanmaa Sports Hall','Yliopistokatu 4, Oulu','University sports hall','08:00-22:00','+358401000002','img'), ('11111111-1111-1111-1111-000000000003','Kastelli Sports Centre','Sairaalanrinne 5, Oulu','Modern sports complex','07:00-22:00','+358401000003','img'), ('11111111-1111-1111-1111-000000000004','Värttö Sports Hall','Värttötie 2, Oulu','Local sports hall','08:00-21:00','+358401000004','img'), ('11111111-1111-1111-1111-000000000005','Ritaharju Sports Hall','Ritaharjuntie 10, Oulu','School sports facility','08:00-21:00','+358401000005','img'), ('11111111-1111-1111-1111-000000000006','Raksila Ice Hall','Teuvo Pakkalan katu 11, Oulu','Main ice arena','06:00-23:00','+358401000006','img'), ('11111111-1111-1111-1111-000000000007','Linnanmaa Ice Hall','Linnanmaantie 12, Oulu','Ice rink facility','07:00-22:00','+358401000007','img'), ('11111111-1111-1111-1111-000000000008','Oulunsalo Ice Hall','Oulunsalontie 5, Oulu','Community ice hall','07:00-22:00','+358401000008','img'), ('11111111-1111-1111-1111-000000000009','Heinäpää Sports Centre','Heinäpääntie 6, Oulu','Outdoor football fields','08:00-22:00','+358401000009','img'), ('11111111-1111-1111-1111-000000000010','Castren Sports Centre','Raatintie 2, Oulu','Outdoor complex','08:00-22:00','+358401000010','img'), ('11111111-1111-1111-1111-000000000011','Haukipudas Sports Centre','Asematie 3, Haukipudas','Multi-sport facility','08:00-21:00','+358401000011','img'), ('11111111-1111-1111-1111-000000000012','Kaakkuri Sports Field','Kaakkurinkulma 4, Oulu','Football and athletics','08:00-22:00','+358401000012','img'), ('11111111-1111-1111-1111-000000000013','Raksila Swimming Hall','Raksilantie 1, Oulu','Indoor swimming hall','06:00-21:00','+358401000013','img'), ('11111111-1111-1111-1111-000000000014','Vesi-Jatuli','Asemantie 4, Haukipudas','Swimming and spa','10:00-21:00','+358401000014','img'), ('11111111-1111-1111-1111-000000000015','Hiukkavaara Tennis Center','Hiukkavaarantie 15, Oulu','Outdoor tennis courts','09:00-22:00','+358401000015','img'), ('11111111-1111-1111-1111-000000000016','Oulu Padel Club','Kempeleentie 7, Oulu','Indoor padel courts','07:00-23:00','+358401000016','img'), ('11111111-1111-1111-1111-000000000017','Ouluhalli Gym','Ouluhallintie 20, Oulu','Fitness gym','05:00-23:00','+358401000017','img'), ('11111111-1111-1111-1111-000000000018','Linnanmaa Gym','Yliopistokatu 4, Oulu','University gym','06:00-23:00','+358401000018','img'), ('11111111-1111-1111-1111-000000000019','Pateniemi Sports Hall','Pateniementie 20, Oulu','Local sports hall','08:00-21:00','+358401000019','img'), ('11111111-1111-1111-1111-000000000020','Tuira Sports Hall','Tuirantie 5, Oulu','Indoor sports hall','08:00-21:00','+358401000020','img'), ('11111111-1111-1111-1111-000000000021','Rajakylä Sports Hall','Rajakyläntie 10, Oulu','Community hall','08:00-21:00','+358401000021','img'), ('11111111-1111-1111-1111-000000000022','Maikkula Sports Hall','Kangastie 12, Oulu','School hall','08:00-21:00','+358401000022','img'), ('11111111-1111-1111-1111-000000000023','Raatin Stadium','Raatintie 2, Oulu','Athletics stadium','08:00-22:00','+358401000023','img'), ('11111111-1111-1111-1111-000000000024','Nallikari Beach Courts','Nallikarinranta 10, Oulu','Beach volleyball','09:00-22:00','+358401000024','img'), ('11111111-1111-1111-1111-000000000025','Kontinkangas Sports Hall','Kajaanintie 50, Oulu','Indoor sports','08:00-21:00','+358401000025','img'), ('11111111-1111-1111-1111-000000000026','Myllyoja Sports Hall','Myllyojantie 8, Oulu','Local hall','08:00-21:00','+358401000026','img'), ('11111111-1111-1111-1111-000000000027','Koskelan Sports Hall','Koskelantie 3, Oulu','Indoor sports','08:00-21:00','+358401000027','img'), ('11111111-1111-1111-1111-000000000028','Hönttämäki Sports Hall','Hönttämäentie 6, Oulu','Community hall','08:00-21:00','+358401000028','img'), ('11111111-1111-1111-1111-000000000029','Kello Sports Field','Kellontie 15, Oulu','Outdoor football','08:00-22:00','+358401000029','img'), ('11111111-1111-1111-1111-000000000030','Kiiminki Sports Centre','Kiimingintie 12, Kiiminki','Multi-sport','08:00-21:00','+358401000030','img');

INSERT INTO facility_sections (id, facility_id, name, sport, description) VALUES
('22222222-2222-2222-2222-000000000001','11111111-1111-1111-1111-000000000001','Hall A','Football','Full field'),('22222222-2222-2222-2222-000000000002','11111111-1111-1111-1111-000000000001','Hall B','Basketball','Court'),('22222222-2222-2222-2222-000000000003','11111111-1111-1111-1111-000000000001','Gym','Gym','Fitness'),('22222222-2222-2222-2222-000000000004','11111111-1111-1111-1111-000000000002','Court 1','Basketball','Indoor'),('22222222-2222-2222-2222-000000000005','11111111-1111-1111-1111-000000000002','Court 2','Volleyball','Indoor'),('22222222-2222-2222-2222-000000000006','11111111-1111-1111-1111-000000000002','Gym','Gym','Fitness'),('22222222-2222-2222-2222-000000000007','11111111-1111-1111-1111-000000000003','Hall A','Football','Indoor'),('22222222-2222-2222-2222-000000000008','11111111-1111-1111-1111-000000000003','Hall B','Floorball','Indoor'),('22222222-2222-2222-2222-000000000009','11111111-1111-1111-1111-000000000003','Gym','Gym','Fitness'),('22222222-2222-2222-2222-000000000010','11111111-1111-1111-1111-000000000004','Court 1','Basketball','Indoor'),('22222222-2222-2222-2222-000000000011','11111111-1111-1111-1111-000000000004','Court 2','Badminton','Indoor'),('22222222-2222-2222-2222-000000000012','11111111-1111-1111-1111-000000000004','Gym','Gym','Fitness'),('22222222-2222-2222-2222-000000000013','11111111-1111-1111-1111-000000000005','Court 1','Basketball','Indoor'),('22222222-2222-2222-2222-000000000014','11111111-1111-1111-1111-000000000005','Court 2','Volleyball','Indoor'),('22222222-2222-2222-2222-000000000015','11111111-1111-1111-1111-000000000005','Gym','Gym','Fitness'),('22222222-2222-2222-2222-000000000016','11111111-1111-1111-1111-000000000006','Main Rink','Ice Hockey','Main'),('22222222-2222-2222-2222-000000000017','11111111-1111-1111-1111-000000000006','Practice Rink','Ice Hockey','Training'),('22222222-2222-2222-2222-000000000018','11111111-1111-1111-1111-000000000006','Public Ice','Skating','Open'),('22222222-2222-2222-2222-000000000019','11111111-1111-1111-1111-000000000007','Main Rink','Ice Hockey','Main'),('22222222-2222-2222-2222-000000000020','11111111-1111-1111-1111-000000000007','Practice Rink','Ice Hockey','Training'),('22222222-2222-2222-2222-000000000021','11111111-1111-1111-1111-000000000007','Gym','Gym','Fitness'),('22222222-2222-2222-2222-000000000022','11111111-1111-1111-1111-000000000008','Rink','Ice Hockey','Main'),('22222222-2222-2222-2222-000000000023','11111111-1111-1111-1111-000000000008','Practice','Ice Hockey','Training'),('22222222-2222-2222-2222-000000000024','11111111-1111-1111-1111-000000000008','Gym','Gym','Fitness'),('22222222-2222-2222-2222-000000000025','11111111-1111-1111-1111-000000000009','Full Field','Football','11v11'),('22222222-2222-2222-2222-000000000026','11111111-1111-1111-1111-000000000009','Half A','Football','Training'),('22222222-2222-2222-2222-000000000027','11111111-1111-1111-1111-000000000009','Half B','Football','Training'),('22222222-2222-2222-2222-000000000028','11111111-1111-1111-1111-000000000010','Field 1','Football','Outdoor'),('22222222-2222-2222-2222-000000000029','11111111-1111-1111-1111-000000000010','Field 2','Football','Outdoor'),('22222222-2222-2222-2222-000000000030','11111111-1111-1111-1111-000000000010','Track','Athletics','Running'),('22222222-2222-2222-2222-000000000031','11111111-1111-1111-1111-000000000011','Field','Football','Outdoor'),('22222222-2222-2222-2222-000000000032','11111111-1111-1111-1111-000000000011','Hall','Basketball','Indoor'),('22222222-2222-2222-2222-000000000033','11111111-1111-1111-1111-000000000011','Gym','Gym','Fitness'),('22222222-2222-2222-2222-000000000034','11111111-1111-1111-1111-000000000012','Field','Football','Outdoor'),('22222222-2222-2222-2222-000000000035','11111111-1111-1111-1111-000000000012','Track','Athletics','Running'),('22222222-2222-2222-2222-000000000036','11111111-1111-1111-1111-000000000012','Mini Field','Football','Small'),('22222222-2222-2222-2222-000000000037','11111111-1111-1111-1111-000000000013','Main Pool','Swimming','25m'),('22222222-2222-2222-2222-000000000038','11111111-1111-1111-1111-000000000013','Kids Pool','Swimming','Shallow'),('22222222-2222-2222-2222-000000000039','11111111-1111-1111-1111-000000000013','Sauna','Wellness','Relax'),('22222222-2222-2222-2222-000000000040','11111111-1111-1111-1111-000000000014','Main Pool','Swimming','25m'),('22222222-2222-2222-2222-000000000041','11111111-1111-1111-1111-000000000014','Spa','Wellness','Relax'),('22222222-2222-2222-2222-000000000042','11111111-1111-1111-1111-000000000014','Kids Pool','Swimming','Shallow'),('22222222-2222-2222-2222-000000000043','11111111-1111-1111-1111-000000000015','Court 1','Tennis','Outdoor'),('22222222-2222-2222-2222-000000000044','11111111-1111-1111-1111-000000000015','Court 2','Tennis','Outdoor'),('22222222-2222-2222-2222-000000000045','11111111-1111-1111-1111-000000000015','Court 3','Tennis','Outdoor'),('22222222-2222-2222-2222-000000000046','11111111-1111-1111-1111-000000000016','Court 1','Padel','Indoor'),('22222222-2222-2222-2222-000000000047','11111111-1111-1111-1111-000000000016','Court 2','Padel','Indoor'),('22222222-2222-2222-2222-000000000048','11111111-1111-1111-1111-000000000016','Court 3','Padel','Indoor'),('22222222-2222-2222-2222-000000000049','11111111-1111-1111-1111-000000000017','Gym Floor','Gym','Fitness'),('22222222-2222-2222-2222-000000000050','11111111-1111-1111-1111-000000000017','Weights','Gym','Strength'),('22222222-2222-2222-2222-000000000051','11111111-1111-1111-1111-000000000017','Cardio','Gym','Machines'),('22222222-2222-2222-2222-000000000052','11111111-1111-1111-1111-000000000018','Gym Floor','Gym','Fitness'),('22222222-2222-2222-2222-000000000053','11111111-1111-1111-1111-000000000018','Weights','Gym','Strength'),('22222222-2222-2222-2222-000000000054','11111111-1111-1111-1111-000000000018','Cardio','Gym','Machines'), ('22222222-2222-2222-2222-000000000055','11111111-1111-1111-1111-000000000019','Field 1','Football','Outdoor'),('22222222-2222-2222-2222-000000000056','11111111-1111-1111-1111-000000000019','Field 2','Football','Outdoor'),('22222222-2222-2222-2222-000000000057','11111111-1111-1111-1111-000000000019','Track','Athletics','Running'),('22222222-2222-2222-2222-000000000058','11111111-1111-1111-1111-000000000020','Field 1','Football','Outdoor'),('22222222-2222-2222-2222-000000000059','11111111-1111-1111-1111-000000000020','Field 2','Football','Outdoor'),('22222222-2222-2222-2222-000000000060','11111111-1111-1111-1111-000000000020','Track','Athletics','Running'),('22222222-2222-2222-2222-000000000061','11111111-1111-1111-1111-000000000021','Court 1','Basketball','Indoor'),('22222222-2222-2222-2222-000000000062','11111111-1111-1111-1111-000000000021','Court 2','Volleyball','Indoor'),('22222222-2222-2222-2222-000000000063','11111111-1111-1111-1111-000000000021','Gym','Gym','Fitness'),('22222222-2222-2222-2222-000000000064','11111111-1111-1111-1111-000000000022','Court 1','Basketball','Indoor'),('22222222-2222-2222-2222-000000000065','11111111-1111-1111-1111-000000000022','Court 2','Badminton','Indoor'),('22222222-2222-2222-2222-000000000066','11111111-1111-1111-1111-000000000022','Gym','Gym','Fitness'),('22222222-2222-2222-2222-000000000067','11111111-1111-1111-1111-000000000023','Main Rink','Ice Hockey','Main'),('22222222-2222-2222-2222-000000000068','11111111-1111-1111-1111-000000000023','Practice Rink','Ice Hockey','Training'),('22222222-2222-2222-2222-000000000069','11111111-1111-1111-1111-000000000023','Gym','Gym','Fitness'),('22222222-2222-2222-2222-000000000070','11111111-1111-1111-1111-000000000024','Main Rink','Ice Hockey','Main'),('22222222-2222-2222-2222-000000000071','11111111-1111-1111-1111-000000000024','Practice Rink','Ice Hockey','Training'),('22222222-2222-2222-2222-000000000072','11111111-1111-1111-1111-000000000024','Public Ice','Skating','Open'),('22222222-2222-2222-2222-000000000073','11111111-1111-1111-1111-000000000025','Main Pool','Swimming','25m'),('22222222-2222-2222-2222-000000000074','11111111-1111-1111-1111-000000000025','Kids Pool','Swimming','Shallow'),('22222222-2222-2222-2222-000000000075','11111111-1111-1111-1111-000000000025','Sauna','Wellness','Relax'),('22222222-2222-2222-2222-000000000076','11111111-1111-1111-1111-000000000026','Court 1','Tennis','Outdoor'),('22222222-2222-2222-2222-000000000077','11111111-1111-1111-1111-000000000026','Court 2','Tennis','Outdoor'),('22222222-2222-2222-2222-000000000078','11111111-1111-1111-1111-000000000026','Court 3','Tennis','Outdoor'),('22222222-2222-2222-2222-000000000079','11111111-1111-1111-1111-000000000027','Court 1','Padel','Indoor'),('22222222-2222-2222-2222-000000000080','11111111-1111-1111-1111-000000000027','Court 2','Padel','Indoor'),('22222222-2222-2222-2222-000000000081','11111111-1111-1111-1111-000000000027','Court 3','Padel','Indoor'),('22222222-2222-2222-2222-000000000082','11111111-1111-1111-1111-000000000028','Gym Floor','Gym','Fitness'),('22222222-2222-2222-2222-000000000083','11111111-1111-1111-1111-000000000028','Weights','Gym','Strength'),('22222222-2222-2222-2222-000000000084','11111111-1111-1111-1111-000000000028','Cardio','Gym','Machines'),('22222222-2222-2222-2222-000000000085','11111111-1111-1111-1111-000000000029','Gym Floor','Gym','Fitness'),('22222222-2222-2222-2222-000000000086','11111111-1111-1111-1111-000000000029','Weights','Gym','Strength'),('22222222-2222-2222-2222-000000000087','11111111-1111-1111-1111-000000000029','Cardio','Gym','Machines'),('22222222-2222-2222-2222-000000000088','11111111-1111-1111-1111-000000000030','Field','Football','Outdoor'),('22222222-2222-2222-2222-000000000089','11111111-1111-1111-1111-000000000030','Mini Field','Football','Training'),('22222222-2222-2222-2222-000000000090','11111111-1111-1111-1111-000000000030','Track','Athletics','Running');

INSERT INTO bookings (id, status, booking_time, user_id, section_id) VALUES
('44444444-4444-4444-4444-444444444441', 'pending', NOW(), '11111111-1111-1111-1111-111111111111', '33333333-3333-3333-3333-333333333331'),
('44444444-4444-4444-4444-444444444442', 'confirmed', NOW(), '11111111-1111-1111-1111-111111111112', '33333333-3333-3333-3333-333333333332');

COMMIT;
